{
    "children": [
        {
            "children": [
                {
                    "name": "/home/vinds/Kukku/Data/sample/6FD1E9D8EB29E2917ED1987C3D2B43F09AFBB50E63DD53DA8D0ADE362AC0DFA0.mp4  1.0000000000000002",
                    "size": "1.0000000000000002"
                },
                {
                    "name": "/home/vinds/Kukku/Data/sample/328DDAEF5684387F897E42BE7A858EE7685B2DA75E2B63505708E4DF865B0EE1.mp4  1.0000000000000002",
                    "size": "1.0000000000000002"
                },
                {
                    "name": "/home/vinds/Kukku/Data/sample/66F7D2A304B837F59B2C3617C077E2B73FE7388C73A88F84497E4B691574D94E.mp4  1.0000000000000002",
                    "size": "1.0000000000000002"
                },
                {
                    "name": "/home/vinds/Kukku/Data/sample/63E2375C868E48FC8F05AF80235DAB70CF0963DA096ADE9449BDFE9D90275B3E.mp4  1.0000000000000002",
                    "size": "1.0000000000000002"
                },
                {
                    "name": "/home/vinds/Kukku/Data/sample/3E49BEEDA687F38D78D6D40F3C0CA8D35B2312B86071C404E0AF9D6799AB0FE2  0.9217060375138036",
                    "size": "0.9217060375138036"
                },
                {
                    "name": "/home/vinds/Kukku/Data/sample/4C8AE841BCBA8891229E112ED004D820A9151E5B355983C4688B89ADB910C375.mp4  1.0000000000000002",
                    "size": "1.0000000000000002"
                },
                {
                    "name": "/home/vinds/Kukku/Data/sample/0291BA00BFC1FA53309DAD42100F1254EEEBC9119ABABD44A61269B6C57FF4F8.mp4  1.0000000000000002",
                    "size": "1.0000000000000002"
                },
                {
                    "name": "/home/vinds/Kukku/Data/sample/46C219066C74DE176D84C94828949777DC7BE5E583F5CC43C7DE3B95B0E7433E.mp4  1.0000000000000002",
                    "size": "1.0000000000000002"
                },
                {
                    "name": "/home/vinds/Kukku/Data/sample/99C3BC615E5DBD08808585A29D681A8C0F0F5A930449B1D55EC908183A22F634.mp4  1.0000000000000002",
                    "size": "1.0000000000000002"
                },
                {
                    "name": "/home/vinds/Kukku/Data/sample/1C0F58701DC24792084527B8BA6654E9B72092579997625A2EF6E64AB187710F.mp4  1.0000000000000002",
                    "size": "1.0000000000000002"
                },
                {
                    "name": "/home/vinds/Kukku/Data/sample/584D85003A545AA2A6DC289D280266F36C56E44804D932A4DF891150D1F5E9D7.mp4  1.0000000000000002",
                    "size": "1.0000000000000002"
                },
                {
                    "name": "/home/vinds/Kukku/Data/sample/5BEA4BD08F6A722A9E9F007750C0A87DD2093AB365B4FF2716983941C24A9080.mp4  1.0000000000000002",
                    "size": "1.0000000000000002"
                },
                {
                    "name": "/home/vinds/Kukku/Data/sample/3E974004D3406C39FB7CC9BF94D168D129ED425ED92B54EEE8DBD32C6C6015A1  0.3159811984565047",
                    "size": "0.3159811984565047"
                },
                {
                    "name": "/home/vinds/Kukku/Data/sample/9FE9B672364474E45851B8C37BA9EF54557AFFE3824E2EADFACDB87DC6452999  0.9327820931592108",
                    "size": "0.9327820931592108"
                },
                {
                    "name": "/home/vinds/Kukku/Data/sample/75AC0BFC6AF7EB4FEB663B33836E62627447275A380D33FA1F10654037528D84  0.938319157624563",
                    "size": "0.938319157624563"
                },
                {
                    "name": "/home/vinds/Kukku/Data/sample/93EBE318D5C11A130F4E175C560A562FD3ED941C70FD943BB0FA174061788190.mp4  1.0000000000000002",
                    "size": "1.0000000000000002"
                },
                {
                    "name": "/home/vinds/Kukku/Data/sample/289E753B8B6A1614637F6A3DA268ADB7C70A4F9C5606BD0223329A6D0BE74170.mp4  1.0000000000000002",
                    "size": "1.0000000000000002"
                },
                {
                    "name": "/home/vinds/Kukku/Data/sample/9ABABEDC174C379FA44EAE4B85AD48406EB38B3C1F51A77E4320C07B07C01916  0.938319157624563",
                    "size": "0.938319157624563"
                },
                {
                    "name": "/home/vinds/Kukku/Data/sample/04E1C1B119A91B5FAE6CEFEEB71686A3EA4B7F929177C38081752695D3248909.mp4  1.0000000000000002",
                    "size": "1.0000000000000002"
                },
                {
                    "name": "/home/vinds/Kukku/Data/sample/4DC397C419925E2850BBAF22E4B077EF212B2A40994A3AC7C50618AFBA86BB6C  0.36892764330677785",
                    "size": "0.36892764330677785"
                },
                {
                    "name": "/home/vinds/Kukku/Data/sample/D966DBBD931FE8519A675E40BB3FB5F553CB135D08A180D3771449F49541F262  0.003975529616665575",
                    "size": "0.003975529616665575"
                },
                {
                    "name": "/home/vinds/Kukku/Data/sample/555BC96B77CA5395E91283DE092061AD6030993398581321B868FDD3E9B4CE2D.mp4  1.0000000000000002",
                    "size": "1.0000000000000002"
                },
                {
                    "name": "/home/vinds/Kukku/Data/sample/0D43C72CA031263B52531F17EBF4F209E701B3B6862850CC1350FC2DE2141142  0.938319157624563",
                    "size": "0.938319157624563"
                },
                {
                    "name": "/home/vinds/Kukku/Data/sample/80EC7D95F19775542EE5C4A838EB447D9E80CF0344CF5306F109FA8C81071FCA.mp4  1.0000000000000002",
                    "size": "1.0000000000000002"
                },
                {
                    "name": "/home/vinds/Kukku/Data/sample/758A690F75C158458124C29987671DC7912241405CB5C3DC17EBABE7D48EFF38  0.938319157624563",
                    "size": "0.938319157624563"
                },
                {
                    "name": "/home/vinds/Kukku/Data/sample/2CD3198B99CA811452CE00F4C4846F9A1CA8556E75761B1EF7D4DD15FD38AAFF  0.9333517559807738",
                    "size": "0.9333517559807738"
                },
                {
                    "name": "/home/vinds/Kukku/Data/sample/69C4822898D6DD0E53F2ED3AB995612D108C2338FE1F4ECD7B51B62BEFBC3391  0.931782039440071",
                    "size": "0.931782039440071"
                },
                {
                    "name": "/home/vinds/Kukku/Data/sample/A2A52879B03A0C10C7A9CEC52A2B3871AB6E7F382355C1F108E263ADF37703BD  0.003975708738920203",
                    "size": "0.003975708738920203"
                },
                {
                    "name": "/home/vinds/Kukku/Data/sample/6BAF9D896EBAF0BC38EC1D1C7D2DD21250E8B2AE3C601831A1493AC73F1598E6.mp4  1.0000000000000002",
                    "size": "1.0000000000000002"
                },
                {
                    "name": "/home/vinds/Kukku/Data/sample/1C418B27447CAE49FC1E95902C48092577320B05EF863329032480820C8994C6.mp4  1.0000000000000002",
                    "size": "1.0000000000000002"
                },
                {
                    "name": "/home/vinds/Kukku/Data/sample/2193E989D2455B94468BDE4F0D276992B45802FB8C76EEE08EC5216CFEAE45F1  0.9411458021670761",
                    "size": "0.9411458021670761"
                },
                {
                    "name": "/home/vinds/Kukku/Data/sample/033C2AEA2E0333097E9EDEEDB1356AE2C813CD882E826DBE342795A56BD4BF70  0.9327820931592108",
                    "size": "0.9327820931592108"
                },
                {
                    "name": "/home/vinds/Kukku/Data/sample/2728E45E254204E552CF80A69DB4F81B8935B9B830CAF6E9E1DF1CB48456B86D  0.003976058583424941",
                    "size": "0.003976058583424941"
                },
                {
                    "name": "/home/vinds/Kukku/Data/sample/632C95EA08ECAE01BDABACBEB0CA7A9694EFCA12FCB5C3E9B92E662B356FEDE2  0.9333517559807738",
                    "size": "0.9333517559807738"
                },
                {
                    "name": "/home/vinds/Kukku/Data/sample/1556145FF61A597F5DAFDACADFD03CFEFAADDF904FEBACB166CBBFF5F9674F11  0.936908773776813",
                    "size": "0.936908773776813"
                },
                {
                    "name": "/home/vinds/Kukku/Data/sample/8FD6B64E242EA2FB76F3D8419451E76239E9D14029CBB3DE9B36E99DB3F0F4C6  0.9265440240653304",
                    "size": "0.9265440240653304"
                },
                {
                    "name": "/home/vinds/Kukku/Data/sample/7A06F482D04A92E7B4F073E3F34D385EA7ACD0DC84F8F5D332966EA7B7E40A0C.mp4  1.0000000000000002",
                    "size": "1.0000000000000002"
                },
                {
                    "name": "/home/vinds/Kukku/Data/sample/72874E3386BE69A676E8F5AAC306DC2121CB3565A26701354A3A09C557E57F26  0.9277816257004597",
                    "size": "0.9277816257004597"
                },
                {
                    "name": "/home/vinds/Kukku/Data/sample/A1AA91557FD119852C70613DF264EF9636150D76BE1173E9ADBAC2A6290600EC  0.4155342275690546",
                    "size": "0.4155342275690546"
                },
                {
                    "name": "/home/vinds/Kukku/Data/sample/4DE2FD9E5F981C2393CB237A9E4729FF0147D709C5E95F61DF0DB905C9892F77.mp4  1.0000000000000002",
                    "size": "1.0000000000000002"
                },
                {
                    "name": "/home/vinds/Kukku/Data/sample/1A55DE3C8DDF4C7AC6EC68F4E2EA166BAC35011F5806D035D7FD454F93951604  0.9326949846011993",
                    "size": "0.9326949846011993"
                },
                {
                    "name": "/home/vinds/Kukku/Data/sample/2526FBA919AC2F884301645BA01357E95654F813178A5A7910F79E99A7907D10.mp4  1.0000000000000002",
                    "size": "1.0000000000000002"
                },
                {
                    "name": "/home/vinds/Kukku/Data/sample/9963B03B64A35D63D5B60BD959611A56A3B7BAC6E20627DFB5AF43D5A6600377  0.9265440240653304",
                    "size": "0.9265440240653304"
                },
                {
                    "name": "/home/vinds/Kukku/Data/sample/A835099AAC4757CD0014CC62C098E944E068F357BEB572C600F4279F3AC680E8  0.9373894637298934",
                    "size": "0.9373894637298934"
                },
                {
                    "name": "/home/vinds/Kukku/Data/sample/44CDC5D3B2488B2C199B125A551D11BADB66424B059536B214515D3F6392DC4C  0.9274417899234209",
                    "size": "0.9274417899234209"
                },
                {
                    "name": "/home/vinds/Kukku/Data/sample/935536E2792B2C72A89A37EEE82AEE1C7E5C24B7A6A766E8BB568365C0657CAD  0.9378368863357396",
                    "size": "0.9378368863357396"
                },
                {
                    "name": "/home/vinds/Kukku/Data/sample/01AE3776EF366A26CF590AE112FAF2D5C1CDB5FDB47F18D3A497D822F74B89C1  0.6061449612437029",
                    "size": "0.6061449612437029"
                },
                {
                    "name": "/home/vinds/Kukku/Data/sample/15CF29291DDA50A38A4E295C5302AED866A618CC161BE12D7B12C857391F9BAD.mp4  1.0000000000000002",
                    "size": "1.0000000000000002"
                },
                {
                    "name": "/home/vinds/Kukku/Data/sample/00DFCD8305C6BAFC670DDA2176189CACD44693EA972EE4B6258D87725E83E99E.mp4  1.0000000000000002",
                    "size": "1.0000000000000002"
                },
                {
                    "name": "/home/vinds/Kukku/Data/sample/2E99572850AE4C386470198B22D499E797B579F2572A037716C810CE7CBFBF4A.mp4  1.0000000000000002",
                    "size": "1.0000000000000002"
                },
                {
                    "name": "/home/vinds/Kukku/Data/sample/8E0BED174FB4E81F57F69A7EC621FC774974936DBFA2E2C561FAF058A3DF4771.mp4  1.0000000000000002",
                    "size": "1.0000000000000002"
                },
                {
                    "name": "/home/vinds/Kukku/Data/sample/3712C06A1CF3E19A1E4CE1DB99838D74C37C255CE5AD6A9EE8EBBDD55F2EC5C8  0.938319157624563",
                    "size": "0.938319157624563"
                },
                {
                    "name": "/home/vinds/Kukku/Data/sample/3ABFF404200F4740901BCADEAD6401B3763AA3E2BE73015E5C13D3CEB8AB8C9B.mp4  1.0000000000000002",
                    "size": "1.0000000000000002"
                },
                {
                    "name": "/home/vinds/Kukku/Data/sample/4F47FB50E43692D804ABE6F78ED290926C2C172C5C599773E6014DE6A22D1E51  0.9217060375138036",
                    "size": "0.9217060375138036"
                },
                {
                    "name": "/home/vinds/Kukku/Data/sample/38536D90826629FF91AB617E38F108CDEFE98055317B5DC8BC4BF3208FA87166  0.4153876891040879",
                    "size": "0.4153876891040879"
                },
                {
                    "name": "/home/vinds/Kukku/Data/sample/953CA67E6A1797A0055EA8A42B1B2C2275A436DFAE259B3EB0E28A8FCB613A37  0.953041346500213",
                    "size": "0.953041346500213"
                },
                {
                    "name": "/home/vinds/Kukku/Data/sample/8D05A228E94A1B4FCB4E9147E420A1FBE7E6941423CC64E0423EB6B1B262460B  0.9322337621222814",
                    "size": "0.9322337621222814"
                },
                {
                    "name": "/home/vinds/Kukku/Data/sample/6B2E82C87A0B84A58672F5D931DF62659ABD13C4739F2617466FEB2024DBA50F.mp4  1.0000000000000002",
                    "size": "1.0000000000000002"
                },
                {
                    "name": "/home/vinds/Kukku/Data/sample/AA457165C20191040FD15505AFA4F11B9A88F65DB02439984D9CD40A2267C948  0.9397500762478607",
                    "size": "0.9397500762478607"
                },
                {
                    "name": "/home/vinds/Kukku/Data/sample/30A5E0461BB45DC29A4E37B4FFE5237B0B1BD7922D2CA7C06F2D5730181B2629.mp4  1.0000000000000002",
                    "size": "1.0000000000000002"
                },
                {
                    "name": "/home/vinds/Kukku/Data/sample/5B8519F6E95E2D7EABB67F1D43A29C167171BF29774D0EB8B94D2BA30EF98F54.mp4  1.0000000000000002",
                    "size": "1.0000000000000002"
                },
                {
                    "name": "/home/vinds/Kukku/Data/sample/AA4EFCC379F5C013B79A6EED068CA9B4EE12E65F5CADEA6A76B0615531035BA4  0.9378368863357396",
                    "size": "0.9378368863357396"
                },
                {
                    "name": "/home/vinds/Kukku/Data/sample/25E512E61876B435B6907B7BF6014DAA361F84A05DCA20E73FB21DC263712420.mp4  1.0000000000000002",
                    "size": "1.0000000000000002"
                },
                {
                    "name": "/home/vinds/Kukku/Data/sample/1D900F9F3F1DEB99CF9A7071DB843198D2C3A9617EED4A90E2D65AFD13C72742  0.9369359513289279",
                    "size": "0.9369359513289279"
                },
                {
                    "name": "/home/vinds/Kukku/Data/sample/573B1417A06E9F51AFE7C3FBBF3FEFABACC065843976880C0C326C2DBC2872C9.mp4  1.0000000000000002",
                    "size": "1.0000000000000002"
                },
                {
                    "name": "/home/vinds/Kukku/Data/sample/1F5D30E33D3B734B68D3AC14C29D685AB5C8F1E260BE7E347CF1F96BE429ACBB.mp4  1.0000000000000002",
                    "size": "1.0000000000000002"
                },
                {
                    "name": "/home/vinds/Kukku/Data/sample/9C2139E5251BA10FB5AC1646A52307040EDDC0F10E6664D06EA6710EDC1D6C8A.mp4  1.0000000000000002",
                    "size": "1.0000000000000002"
                },
                {
                    "name": "/home/vinds/Kukku/Data/sample/5896496FC84F0524CB6A1B55A0967B8C2A1D8B4BAA9356DB9EBDB9A288BEE1A4  0.9319846844565901",
                    "size": "0.9319846844565901"
                },
                {
                    "name": "/home/vinds/Kukku/Data/sample/113BF67D9EFD1B6B8842E4DF18BBC0A71B11A9B64E6E052A2386EEE198B66E79.mp4  1.0000000000000002",
                    "size": "1.0000000000000002"
                },
                {
                    "name": "/home/vinds/Kukku/Data/sample/2D4B687374B7D22909C2ABDCE1ECFD7D8CE646713BF55D715A571D71EA63B128  0.938319157624563",
                    "size": "0.938319157624563"
                },
                {
                    "name": "/home/vinds/Kukku/Data/sample/79DFF84AD8B49A01DAD7F487EA361602984CE3E60CE1A54BA722B11286359ACF  0.9324367349222918",
                    "size": "0.9324367349222918"
                },
                {
                    "name": "/home/vinds/Kukku/Data/sample/A671DD2905ADC77022A263EE2C8DC419C7DD655000ABC17F38548F7A586A94BE  0.6839744297248352",
                    "size": "0.6839744297248352"
                },
                {
                    "name": "/home/vinds/Kukku/Data/sample/3F72463903BDE694C34FCF626FF569CFD74161915499DAD20A269C42C0A0352F  0.8671509656037819",
                    "size": "0.8671509656037819"
                },
                {
                    "name": "/home/vinds/Kukku/Data/sample/498A8BE47EC0BD8AEAEC80BC11B4488CB952AE6FFE81F977FF828BBBB18DA4CB.mp4  1.0000000000000002",
                    "size": "1.0000000000000002"
                },
                {
                    "name": "/home/vinds/Kukku/Data/sample/89DE91DAF00E59FFCEE29E5B6962FD5D7E1BEA4D635561B1FEA70A50DFF280CA.mp4  1.0000000000000002",
                    "size": "1.0000000000000002"
                },
                {
                    "name": "/home/vinds/Kukku/Data/sample/70BC2D346D474734F55077177F4B65C48111BC4D191BA6E2EB0B87C5A72AB001  0.9369359513289279",
                    "size": "0.9369359513289279"
                },
                {
                    "name": "/home/vinds/Kukku/Data/sample/7D0718D67AFF41940866E4DB49876A030C065DFA1F26A1726E85CEEBB3263458.mp4  1.0000000000000002",
                    "size": "1.0000000000000002"
                },
                {
                    "name": "/home/vinds/Kukku/Data/sample/8F0E1302E801760D06FB0C23F9800C5E63CE9C055D3B34B7D652E8224DF1DBEE  0.9369359513289279",
                    "size": "0.9369359513289279"
                },
                {
                    "name": "/home/vinds/Kukku/Data/sample/19D50CA4D502B5794AA18DAF1959AF22C33F1CB5AEF7D9B4F70F685486E4379A  0.7564893518663726",
                    "size": "0.7564893518663726"
                },
                {
                    "name": "/home/vinds/Kukku/Data/sample/4E9284752E42353D6C1008873C8B36A529968AD707E04D52DE843C2E4145EB00.mp4  1.0000000000000002",
                    "size": "1.0000000000000002"
                },
                {
                    "name": "/home/vinds/Kukku/Data/sample/02340DFFB0F2B9121A54D32798BA867D1412CDA706506E99A79FB034F82EF61E.mp4  1.0000000000000002",
                    "size": "1.0000000000000002"
                },
                {
                    "name": "/home/vinds/Kukku/Data/sample/A6D2D7315CDB75D08EFBEFF4D6C314CC9C7916B8FE0ED7FA884F983531CCE7C6  0.9336981323169969",
                    "size": "0.9336981323169969"
                },
                {
                    "name": "/home/vinds/Kukku/Data/sample/3490F34DCFA609CE65BF3328456BAF5F521841B39146804770DB055904E76D04.mp4  1.0000000000000002",
                    "size": "1.0000000000000002"
                },
                {
                    "name": "/home/vinds/Kukku/Data/sample/69C8EC6D28A5CF3AC2F02BE69C8ECA16F00F13F903623157B02175BCD32F9A79  0.9315851387964957",
                    "size": "0.9315851387964957"
                },
                {
                    "name": "/home/vinds/Kukku/Data/sample/707D8646F3987D3F5577FBB7D4EF3C990687B0BA19D24FE92061D7CA758FEAA6  0.9325527946492179",
                    "size": "0.9325527946492179"
                },
                {
                    "name": "/home/vinds/Kukku/Data/sample/1822629D7555F5E604658392F8D6ACF52640B25F98487B355565AB4F405A4938  0.9373894637298934",
                    "size": "0.9373894637298934"
                },
                {
                    "name": "/home/vinds/Kukku/Data/sample/05BE042B5136BD4ABD7E0ED2CF596D28950F3015DCF7A23D286E8F411D9788CB.mp4  1.0000000000000002",
                    "size": "1.0000000000000002"
                },
                {
                    "name": "/home/vinds/Kukku/Data/sample/307FDEC5F100B7DAEABF6DEF82CE0EEEFD1F460BB57679541D8C2727444C18F0  0.9333517559807738",
                    "size": "0.9333517559807738"
                },
                {
                    "name": "/home/vinds/Kukku/Data/sample/04BC7789B4D37B6452F1EA61AE9EA688C8775240AF001BA3F20381F825312536.mp4  1.0000000000000002",
                    "size": "1.0000000000000002"
                },
                {
                    "name": "/home/vinds/Kukku/Data/sample/05CBDBCA33D3E6A2201A75103A16BE88CA86B0E7ADBC22B4B72DA3495206F36F.mp4  1.0000000000000002",
                    "size": "1.0000000000000002"
                },
                {
                    "name": "/home/vinds/Kukku/Data/sample/54BB501CC16591C5192C34ED6926344483C60E580177840942962AEDCA6F9718.mp4  1.0000000000000002",
                    "size": "1.0000000000000002"
                },
                {
                    "name": "/home/vinds/Kukku/Data/sample/45CBCCBFD3668BE1C8FE1069DFF4FADC71BE29ECF5E850C7154A2C9C2DF0B5C1  0.9333517559807738",
                    "size": "0.9333517559807738"
                },
                {
                    "name": "/home/vinds/Kukku/Data/sample/4CA4F479EE347041F636D82363AE60DC56FD5BE729CCF93474786A339B6F19B9  0.9342694761290391",
                    "size": "0.9342694761290391"
                },
                {
                    "name": "/home/vinds/Kukku/Data/sample/5FD66215D22E40467B7B4F027377D7B916148D88FC30C2411F6E0D100BD81DCF.mp4  1.0000000000000002",
                    "size": "1.0000000000000002"
                },
                {
                    "name": "/home/vinds/Kukku/Data/sample/36E0F8244650D5355F057227BBB5A65E7F82BD9E35F9DE1EFE907829CE536A55  0.938319157624563",
                    "size": "0.938319157624563"
                },
                {
                    "name": "/home/vinds/Kukku/Data/sample/989C809D1DA4DBE7BE8F3F51E12FDC338D70D825B0F67544B787EB8B63114729  0.938319157624563",
                    "size": "0.938319157624563"
                },
                {
                    "name": "/home/vinds/Kukku/Data/sample/79D2732A6855427677133EC029F786C477A98C3768B6F85853770C68BDDB95D1.mp4  1.0000000000000002",
                    "size": "1.0000000000000002"
                },
                {
                    "name": "/home/vinds/Kukku/Data/sample/05AD262DD2D7C4CB71663CEE6F4F4157A0C4BE4F8FD090324079D1D19CA276D9.mp4  1.0000000000000002",
                    "size": "1.0000000000000002"
                },
                {
                    "name": "/home/vinds/Kukku/Data/sample/E09EC2D24F3F95719CC649F03C019EC9D3663E426FB48D1A276033457B80ECD0  0.555127660872539",
                    "size": "0.555127660872539"
                },
                {
                    "name": "/home/vinds/Kukku/Data/sample/3EABE20598F212CCA4635A085B05F23BA21E89BBA2BCF5DA9B23FD0DEB22178F  0.9324367349222918",
                    "size": "0.9324367349222918"
                },
                {
                    "name": "/home/vinds/Kukku/Data/sample/136EF7D0FDAA19EBBD1D2518851E18DC187DE459B490AA95265123B5CDC91EFA.mp4  1.0000000000000002",
                    "size": "1.0000000000000002"
                },
                {
                    "name": "/home/vinds/Kukku/Data/sample/53C9A1003093601ED59BE2F0F9D7889ACA008897FB661D5273F2E8E6923B1481.mp4  1.0000000000000002",
                    "size": "1.0000000000000002"
                },
                {
                    "name": "/home/vinds/Kukku/Data/sample/3B59DEC656249AB1E3DA7C71227983D26C6C180614662A2ECED70CDEA5941D00.mp4  1.0000000000000002",
                    "size": "1.0000000000000002"
                },
                {
                    "name": "/home/vinds/Kukku/Data/sample/1A4BE876584DC2BB23C62C43B3346500F6E05C811ED406E1013622ADC0D8C34F.mp4  1.0000000000000002",
                    "size": "1.0000000000000002"
                },
                {
                    "name": "/home/vinds/Kukku/Data/sample/290C5B9AC72394041D6CF7D591D5DCFE3AF80B6D265449ABE96B7360059EAC3C  0.9265440240653304",
                    "size": "0.9265440240653304"
                },
                {
                    "name": "/home/vinds/Kukku/Data/sample/71C41891F1CFA6D362B26D94E02B963EAF41C4221C28139DAB95D0D2BEEA9C5C.mp4  1.0000000000000002",
                    "size": "1.0000000000000002"
                },
                {
                    "name": "/home/vinds/Kukku/Data/sample/5B6E437828FFF587C7DF304CB6084C0CE9D5E08E51F0AE487B8A163865AD4B1D  0.928823446978345",
                    "size": "0.928823446978345"
                },
                {
                    "name": "/home/vinds/Kukku/Data/sample/16E6AB7D2EF9E6E8B9A557180160365EFD7C9E091F5FF3DD4CB36506D18E0F87.mp4  1.0000000000000002",
                    "size": "1.0000000000000002"
                },
                {
                    "name": "/home/vinds/Kukku/Data/sample/5B424B49A8AB1E058721D6F165DC29D3925569953E6EC1553C49857937E67618.mp4  1.0000000000000002",
                    "size": "1.0000000000000002"
                },
                {
                    "name": "/home/vinds/Kukku/Data/sample/99F87EC732AA7E52D41F975741FC0F58E93AC11B31BA683860D919ECE026B90D.mp4  1.0000000000000002",
                    "size": "1.0000000000000002"
                },
                {
                    "name": "/home/vinds/Kukku/Data/sample/214F0BC94AA50E3E60F2A48D0A22AD247E9B1812C40AB2672A2E071E0F92CD57  0.931848478697694",
                    "size": "0.931848478697694"
                },
                {
                    "name": "/home/vinds/Kukku/Data/sample/242F8485A4F7F9638298D1E97F99E0827BB1595E12F510D35A3589F863A2BE38  0.938319157624563",
                    "size": "0.938319157624563"
                },
                {
                    "name": "/home/vinds/Kukku/Data/sample/855DD97DC88446E54C74B6D95FF3CE345ED19E0C793C17098DBED811784FCA80.mp4  1.0000000000000002",
                    "size": "1.0000000000000002"
                },
                {
                    "name": "/home/vinds/Kukku/Data/sample/2B8EBAC2C8E14D642A7D3CD17BA2EB3FFC6EDA2712ABFABE99275EE703F75AE4.mp4  1.0000000000000002",
                    "size": "1.0000000000000002"
                },
                {
                    "name": "/home/vinds/Kukku/Data/sample/55FC578A28CCDF086D1C921E6ACBCF7A4ECCF96CBD936F27A4094CC55F2432B1  0.9333517559807738",
                    "size": "0.9333517559807738"
                },
                {
                    "name": "/home/vinds/Kukku/Data/sample/49F5F50D52B5DDEE97EE849C80F03D17854D55B153406FBC67AF7F8253C7B376.mp4  1.0000000000000002",
                    "size": "1.0000000000000002"
                },
                {
                    "name": "/home/vinds/Kukku/Data/sample/8831A8C34D3A0F11B7BC02CFBA41F7EFC1891538D1A7ECFC682ABE1724877E7D  0.9319846844565901",
                    "size": "0.9319846844565901"
                },
                {
                    "name": "/home/vinds/Kukku/Data/sample/52E3D81176CC7ED69EB429E01B8FFE5E51600BB2DCD4C263083BB7B36AEC2106.mp4  1.0000000000000002",
                    "size": "1.0000000000000002"
                },
                {
                    "name": "/home/vinds/Kukku/Data/sample/5F9DF79F5BAB78B386DB013422B87C9BFF913A3AADCB78225D685218005F77E1.mp4  1.0000000000000002",
                    "size": "1.0000000000000002"
                },
                {
                    "name": "/home/vinds/Kukku/Data/sample/17C90884FA9432905E7D3D098B5314196BBFE6F2FA122FD3F4A5BEEBC9BC7BC2.mp4  1.0000000000000002",
                    "size": "1.0000000000000002"
                },
                {
                    "name": "/home/vinds/Kukku/Data/sample/227294E66A8297A319B09475E12D976D390B1DDEF7C2F3281DCE6AA142A57895  0.9368329720960867",
                    "size": "0.9368329720960867"
                },
                {
                    "name": "/home/vinds/Kukku/Data/sample/73A9979A52061F14ADC46E65EA4A2611E287C2B73836557CA094DFB936EB9D4E  0.7085408412175324",
                    "size": "0.7085408412175324"
                },
                {
                    "name": "/home/vinds/Kukku/Data/sample/6A0ACADD094462BCD445D2A5317AA961A4E2293AD1347606515BDDB9B198F4CF  0.9411458021670761",
                    "size": "0.9411458021670761"
                },
                {
                    "name": "/home/vinds/Kukku/Data/sample/3AB8F50CE04B098A449A4846856DDFA062B343A49D310FC4CA3980514A76B4ED.mp4  1.0000000000000002",
                    "size": "1.0000000000000002"
                },
                {
                    "name": "/home/vinds/Kukku/Data/sample/4BD42603AA05EB9952262D0168B13F730036808F20BD41643A4B92C1935AD24F.mp4  1.0000000000000002",
                    "size": "1.0000000000000002"
                },
                {
                    "name": "/home/vinds/Kukku/Data/sample/B2D100D399BE3CDD5C501EB4189AB038B047E59740EB35AC5B104822FC1840E4  0.9369359513289279",
                    "size": "0.9369359513289279"
                },
                {
                    "name": "/home/vinds/Kukku/Data/sample/B7BEC6837C489062E8440572A739872712177AB590F9F70A9F009E5F0EBFB811  0.437568601030101",
                    "size": "0.437568601030101"
                },
                {
                    "name": "/home/vinds/Kukku/Data/sample/66B74E0B018CA046067B79CDC9CB3BEECAA225D577656322E51F199A47D848B2  0.938319157624563",
                    "size": "0.938319157624563"
                },
                {
                    "name": "/home/vinds/Kukku/Data/sample/565D85A28EA5D1F8C046FE422998DA65049372E17A3726F0B17F4E56589A95A4.mp4  1.0000000000000002",
                    "size": "1.0000000000000002"
                },
                {
                    "name": "/home/vinds/Kukku/Data/sample/9ED3E092802E333523E1EFB808025D60EA79AC9A62D49EB6CEC6BCCB736F689D  0.9373621732671361",
                    "size": "0.9373621732671361"
                },
                {
                    "name": "/home/vinds/Kukku/Data/sample/46BD2616E90412EF4E174979C539CE4438CD2A24C2D05F9B501ADA993463FFCA.mp4  1.0000000000000002",
                    "size": "1.0000000000000002"
                },
                {
                    "name": "/home/vinds/Kukku/Data/sample/70C6F775EE8B91468D5574448BB790FE504749B7608C8F9ED0D3678498263F5B.mp4  1.0000000000000002",
                    "size": "1.0000000000000002"
                },
                {
                    "name": "/home/vinds/Kukku/Data/sample/509A1828FD54A2BC8C6DA170424FF8AC017635892AF55679DFC2F4A8E1F63E5E.mp4  1.0000000000000002",
                    "size": "1.0000000000000002"
                },
                {
                    "name": "/home/vinds/Kukku/Data/sample/DCFE2EE2031FB1EB68164C2BDB96106AC73BE4EC59CC64F3485C72A6D5537DEF  0.9474497983795086",
                    "size": "0.9474497983795086"
                },
                {
                    "name": "/home/vinds/Kukku/Data/sample/7860C42AE47DD0846959F49BF8F2D0E339D8E74BC6067D6078C744CF613DC0A6  0.9338408699962553",
                    "size": "0.9338408699962553"
                },
                {
                    "name": "/home/vinds/Kukku/Data/sample/306CDC0C544381065265167167CA171E8378429B7A84C9BAE049619DE431C267  0.9327820931592108",
                    "size": "0.9327820931592108"
                },
                {
                    "name": "/home/vinds/Kukku/Data/sample/05C83D83C3F9736FAB4B1EC4C25A80790AB17E48A2CBC599FB9A6EABC4542696.mp4  1.0000000000000002",
                    "size": "1.0000000000000002"
                },
                {
                    "name": "/home/vinds/Kukku/Data/sample/14F3C6365E1BA3F3AE98CFFC77A524BE7E360A228B3C63795F2CD3A774D023D5  0.938319157624563",
                    "size": "0.938319157624563"
                },
                {
                    "name": "/home/vinds/Kukku/Data/sample/16FA676AEBC0939DD3D6FDD4E845696091504C94B8E0CD58850332251A84BD97.mp4  1.0000000000000002",
                    "size": "1.0000000000000002"
                },
                {
                    "name": "/home/vinds/Kukku/Data/sample/2D9230BD9FBCD78B19A0E80D05D74C575F9DCEAC9754E2F9B04EEC1159783EA5  0.9333517559807738",
                    "size": "0.9333517559807738"
                },
                {
                    "name": "/home/vinds/Kukku/Data/sample/551A38881F6B64AB867E24D0B142D1201B4E85D4C460C2C6DC7675B8CF653328.mp4  1.0000000000000002",
                    "size": "1.0000000000000002"
                },
                {
                    "name": "/home/vinds/Kukku/Data/sample/175E71A24AA479641837BFBC26F819CB5C42508EBD86302530572147B1FF78C2.mp4  1.0000000000000002",
                    "size": "1.0000000000000002"
                },
                {
                    "name": "/home/vinds/Kukku/Data/sample/8B705FFB018F34557C0B73E2031E43EA0CABBF3EE9A4215B9EA94D7DD0417D63.mp4  1.0000000000000002",
                    "size": "1.0000000000000002"
                },
                {
                    "name": "/home/vinds/Kukku/Data/sample/843A804DC2C9BF2DAEAFD46E5BC9C76A4EE4574368CDCDF497D0575575409589.mp4  1.0000000000000002",
                    "size": "1.0000000000000002"
                },
                {
                    "name": "/home/vinds/Kukku/Data/sample/3F3EAF8657C53AC455BA4E0E0D9566FE88B0D3413D10ACD30987D4F0759D0B03.mp4  1.0000000000000002",
                    "size": "1.0000000000000002"
                },
                {
                    "name": "/home/vinds/Kukku/Data/sample/0FBE5AF3BA41A03D39A063E5718564BD01211817DBA702074DBE86ADDEA27208.mp4  1.0000000000000002",
                    "size": "1.0000000000000002"
                },
                {
                    "name": "/home/vinds/Kukku/Data/sample/0126E9D7107C7B799C51238755F4E271427A05D6A3A560837F79AA47F9872A8A.mp4  1.0000000000000002",
                    "size": "1.0000000000000002"
                },
                {
                    "name": "/home/vinds/Kukku/Data/sample/7EBC40EC7C0B25A17BDF5517E9875D4459B5AC4C757105F03E21B8F9ADBECB12.mp4  1.0000000000000002",
                    "size": "1.0000000000000002"
                },
                {
                    "name": "/home/vinds/Kukku/Data/sample/18BE4319339D9AA25441994E34CAFCBB2E8986D4BCADD77794F49FD73DFFDC04.mp4  1.0000000000000002",
                    "size": "1.0000000000000002"
                },
                {
                    "name": "/home/vinds/Kukku/Data/sample/2A8C748DA0911EBB246CD244D2B8702DEF89614693D012A27F218170B179F8E2  0.9217060375138036",
                    "size": "0.9217060375138036"
                },
                {
                    "name": "/home/vinds/Kukku/Data/sample/20B1B6E06302EC6A79B76AE0F0DA608DD763FB67682EEE58F38F5B54F97A6C92.mp4  1.0000000000000002",
                    "size": "1.0000000000000002"
                },
                {
                    "name": "/home/vinds/Kukku/Data/sample/0847D4CE2AC15B69D7218B19C2E6F65F952E2197C0A004C1DB573167A4B16C11  0.938319157624563",
                    "size": "0.938319157624563"
                },
                {
                    "name": "/home/vinds/Kukku/Data/sample/92C535AB3C18C2BE1A9C0D5732D52837A851BC29136288D5FFF8858A9450CF3C.mp4  1.0000000000000002",
                    "size": "1.0000000000000002"
                },
                {
                    "name": "/home/vinds/Kukku/Data/sample/2D962998E4F00C823F8CD19A88BB86194BFC758188DF69C88A4E7411D3F0FDA4.mp4  1.0000000000000002",
                    "size": "1.0000000000000002"
                },
                {
                    "name": "/home/vinds/Kukku/Data/sample/246E3F2FA8DA6D9EF954251D85C760996FE11983D700ACF0D6ADE2FABA0AC5AF.mp4  1.0000000000000002",
                    "size": "1.0000000000000002"
                },
                {
                    "name": "/home/vinds/Kukku/Data/sample/5FCA4630D007D84C680ABCC54EA9AFF11173B8FC027F40312C124BC470D060F4.mp4  1.0000000000000002",
                    "size": "1.0000000000000002"
                },
                {
                    "name": "/home/vinds/Kukku/Data/sample/443D881B34C2B8124ACDCF45DB75E1B19FD404536221567A88D50AEEC5FD6F50.mp4  1.0000000000000002",
                    "size": "1.0000000000000002"
                },
                {
                    "name": "/home/vinds/Kukku/Data/sample/1991A7895DB2C9FB9AB0D83782CD9318FCAB2F67C800C706087706058BEDB4AA.mp4  1.0000000000000002",
                    "size": "1.0000000000000002"
                },
                {
                    "name": "/home/vinds/Kukku/Data/sample/030BD5D56D8D2BD47883E3DAB0B8682EF742E675437386FB247FA2F72CDE5B59.mp4  1.0000000000000002",
                    "size": "1.0000000000000002"
                },
                {
                    "name": "/home/vinds/Kukku/Data/sample/9FAA5041C366A7F3A2ACB4F25CD45667C309E7F3890F5F689E16975965992ED4.mp4  1.0000000000000002",
                    "size": "1.0000000000000002"
                },
                {
                    "name": "/home/vinds/Kukku/Data/sample/83E9BEF20CEC7BA4EE14ADD8AC0A65D68C4413EE96510C87417E2BC819713FBB.mp4  1.0000000000000002",
                    "size": "1.0000000000000002"
                },
                {
                    "name": "/home/vinds/Kukku/Data/sample/8E23756629A6BD5C1224CCE915189348B4C2AE25255114C47383E709AAC6B392  0.9324367349222918",
                    "size": "0.9324367349222918"
                },
                {
                    "name": "/home/vinds/Kukku/Data/sample/B5A135AA3FAED6AEEC9ED9622ECC83A748BF4A43367AC1FA00250D98BDB3CBAE  0.9434411915998415",
                    "size": "0.9434411915998415"
                },
                {
                    "name": "/home/vinds/Kukku/Data/sample/073CB0C104E3D3E8DF5D8D8E2EBC496B9B229F22AD43C98A866BB2B6614BDC36.mp4  1.0000000000000002",
                    "size": "1.0000000000000002"
                },
                {
                    "name": "/home/vinds/Kukku/Data/sample/91D7ABBC2DD4A42F189B11241627A345B84E5619D15F9E79472623DFEC289EB2  0.9330405740189767",
                    "size": "0.9330405740189767"
                },
                {
                    "name": "/home/vinds/Kukku/Data/sample/330C554E284F7B86F360470B5F5767DCC10B4E96003638FB1F332CD559719002  0.938319157624563",
                    "size": "0.938319157624563"
                },
                {
                    "name": "/home/vinds/Kukku/Data/sample/AB6DD620BDA9427E8FCB381AB06DDA741735DADEE7CFAAFD82D214EC46B16750  0.9277816257004597",
                    "size": "0.9277816257004597"
                },
                {
                    "name": "/home/vinds/Kukku/Data/sample/747D7567614E6B2E16DA5B9B188044098DE0AE0D5E2626AF57EE3B2A306454CB.mp4  1.0000000000000002",
                    "size": "1.0000000000000002"
                },
                {
                    "name": "/home/vinds/Kukku/Data/sample/5B08A30CFE044EEACD8C3A99C5954E2EFE7D6DD958B3DC20E2F19093827E9D2B.mp4  1.0000000000000002",
                    "size": "1.0000000000000002"
                },
                {
                    "name": "/home/vinds/Kukku/Data/sample/A1E8AE91606D4C8EC43C3EB573AB704FC13ED8C80142CA6697096393307A8D41  0.938319157624563",
                    "size": "0.938319157624563"
                },
                {
                    "name": "/home/vinds/Kukku/Data/sample/04C358AD210F351CDD555490919FBA2B924B50AD29317BFFE5F27060A46B785E.mp4  1.0000000000000002",
                    "size": "1.0000000000000002"
                },
                {
                    "name": "/home/vinds/Kukku/Data/sample/4BF3BF5D3CAA0CB840CF4CA33D9582510584FA99F2DFA96A1C4F3CBC9DF0E068  0.9192209058678864",
                    "size": "0.9192209058678864"
                },
                {
                    "name": "/home/vinds/Kukku/Data/sample/91D60779CB9AADC127818552A80A519C15B92C691988634322AD1C567C55B567.mp4  1.0000000000000002",
                    "size": "1.0000000000000002"
                },
                {
                    "name": "/home/vinds/Kukku/Data/sample/9D529984D6FAD4A5F609EFDFD80C52E29CA5AD5040E39DB64142681159FB1067.mp4  1.0000000000000002",
                    "size": "1.0000000000000002"
                },
                {
                    "name": "/home/vinds/Kukku/Data/sample/09E120324315413F509DC3A8FA946FDA21BFE6A0AA35E0832B9D43DEF74683C3.mp4  1.0000000000000002",
                    "size": "1.0000000000000002"
                },
                {
                    "name": "/home/vinds/Kukku/Data/sample/1358A41AF2B7F5872E9BFF6CBC9665923836D451544F5DFDCB20B62375FB8956  0.9263448743533975",
                    "size": "0.9263448743533975"
                },
                {
                    "name": "/home/vinds/Kukku/Data/sample/8F89D0650E7A7F6DB82D3811BD32F0717F784DEA66637994139E229C97E7FDD9.mp4  1.0000000000000002",
                    "size": "1.0000000000000002"
                },
                {
                    "name": "/home/vinds/Kukku/Data/sample/59271B1DFBD222A4F7508659D7278C58BE8E39DBD0D2781F8D3C1E1EBD19424E  0.9336981323169969",
                    "size": "0.9336981323169969"
                },
                {
                    "name": "/home/vinds/Kukku/Data/sample/5439ACFD295D6BE69F9EF3536AB0050BE871324F7631D5EFAAC3E03A25AC94CC  0.938319157624563",
                    "size": "0.938319157624563"
                },
                {
                    "name": "/home/vinds/Kukku/Data/sample/4CDC04C13A31387C6BF7781D83057C941A706069BFB2ADA9EDFFC7FC328FCEC8.mp4  1.0000000000000002",
                    "size": "1.0000000000000002"
                },
                {
                    "name": "/home/vinds/Kukku/Data/sample/7E03CAC5EFC018BBB2AF222AB96FD231C49A9FCC26471DFBB5F28FDED70B5FA0.mp4  1.0000000000000002",
                    "size": "1.0000000000000002"
                },
                {
                    "name": "/home/vinds/Kukku/Data/sample/6BA41CA90FC2945559D21C63BC87F1EC9634C3276E75390884E46781F8226251.mp4  1.0000000000000002",
                    "size": "1.0000000000000002"
                },
                {
                    "name": "/home/vinds/Kukku/Data/sample/866164733E0370D332ED03971716617CD43869E6874EA6EA65FAD50811C99AFE  0.9378229768340619",
                    "size": "0.9378229768340619"
                },
                {
                    "name": "/home/vinds/Kukku/Data/sample/0D746DF4D03366ECF664BAD854DFFCC26C215E040BC4FC8B4A06FB1629BC0BCF  0.9733117073292745",
                    "size": "0.9733117073292745"
                },
                {
                    "name": "/home/vinds/Kukku/Data/sample/44B4405600AEBADB1543F5C1842E1D15BADE962040A5C85B643BB10AC05485F8.mp4  1.0000000000000002",
                    "size": "1.0000000000000002"
                },
                {
                    "name": "/home/vinds/Kukku/Data/sample/29ABD35C2476E481A75483B4BC67A5EC3803EDF90C8458D6A11D1B659BDE9836.mp4  1.0000000000000002",
                    "size": "1.0000000000000002"
                },
                {
                    "name": "/home/vinds/Kukku/Data/sample/28C991C5CE3D6651DD915864BF2746A0D0D01EA77709AA539C64ED418DCCBC97  0.9333517559807738",
                    "size": "0.9333517559807738"
                },
                {
                    "name": "/home/vinds/Kukku/Data/sample/2FFED00FD53E3E94ABC082C73A94737EB07C746DECD9B2D4237C9FA526CCD882  0.9217060375138036",
                    "size": "0.9217060375138036"
                },
                {
                    "name": "/home/vinds/Kukku/Data/sample/02E9FDAB3F234DD660B588AABEC98FD3A0C786B48677E3E66483C0EB1023BCA9.mp4  1.0000000000000002",
                    "size": "1.0000000000000002"
                },
                {
                    "name": "/home/vinds/Kukku/Data/sample/14AA25198EF2129A700942B80A49C687BF0F0738664AC3F2AE86564464D70973.mp4  1.0000000000000002",
                    "size": "1.0000000000000002"
                },
                {
                    "name": "/home/vinds/Kukku/Data/sample/2A479DDA500E565824F6ECD6416240AC10613BAD4F550FA27F4B63D14F81B763.mp4  1.0000000000000002",
                    "size": "1.0000000000000002"
                },
                {
                    "name": "/home/vinds/Kukku/Data/sample/A3A0C844920CEB1084F7B262064DBC8B5FA5BD680CD32238704B3923F84B4CE2  0.938319157624563",
                    "size": "0.938319157624563"
                },
                {
                    "name": "/home/vinds/Kukku/Data/sample/07D4156B48775F1DD075B95EEB51F0A6E731897BEC79351991DD4739234B19DC.mp4  1.0000000000000002",
                    "size": "1.0000000000000002"
                },
                {
                    "name": "/home/vinds/Kukku/Data/sample/2FAB74CD4A17487667B9F201470F68F5D14B43C2175ACC5BEBA3E78C9B51D720.mp4  1.0000000000000002",
                    "size": "1.0000000000000002"
                },
                {
                    "name": "/home/vinds/Kukku/Data/sample/50C1A6AD89BA9EB44324564104C6D11F95010DE629A9624C0747E0273429CFEC.mp4  1.0000000000000002",
                    "size": "1.0000000000000002"
                }
            ],
            "name": "cluster 0"
        }
    ],
    "name": "clusters"
}