{
    "children": [
        {
            "children": [
                {
                    "name": "/home/vinds/Kukku/Samples/Paper1.pdf  0.045533373664045085",
                    "size": "0.045533373664045085"
                },
                {
                    "name": "/home/vinds/Kukku/Samples/Paper2.pdf  0.03560923712372488",
                    "size": "0.03560923712372488"
                }
            ],
            "name": "cluster 0"
        },
        {
            "children": [
                {
                    "name": "/home/vinds/Kukku/Samples/test.html.pdf  0.03902860599775304",
                    "size": "0.03902860599775304"
                },
                {
                    "name": "/home/vinds/Kukku/Samples/Paper1.pdf  0.4868716931216931",
                    "size": "0.4868716931216931"
                },
                {
                    "name": "/home/vinds/Kukku/Samples/Paper2.pdf  0.5044557823129252",
                    "size": "0.5044557823129252"
                }
            ],
            "name": "cluster 1"
        },
        {
            "children": [
                {
                    "name": "/home/vinds/Kukku/Samples/Paper2.pdf  0.6857088808931853",
                    "size": "0.6857088808931853"
                }
            ],
            "name": "cluster 2"
        }
    ],
    "name": "clusters"
}